TITLE,ARTIST,GENRE,YEAR,BPM,ENERGY,dB,DURATION,SPEECH,POPULARITY,TITLE-PIE,ARTIST-PIE,GENRE-PIE,YEAR-PIE,BPM-PIE,ENERGY-PIE,dB-PIE,DURATION-PIE,SPEECH-PIE,POPULARITY-PIE
My First Kiss - feat. Ke$ha,3OH!3,dance pop,2010,138,89,-4,192,8,62,My First Kiss - feat. Ke$ha,Other,Other,Other,Other,Other,Other,Other,Other,Other
She Looks So Perfect,5 Seconds of Summer,boy band,2014,160,95,-4,202,13,71,She Looks So Perfect,Other,Other,Other,Other,Other,Other,Other,Other,Other
Say Something,A Great Big World,neo mellow,2014,138,15,-9,229,3,61,Say Something,Other,Other,Other,Other,Other,Other,Other,Other,Other
Whataya Want from Me,Adam Lambert,australian pop,2010,186,68,-5,227,5,66,Whataya Want from Me,Other,Other,Other,Other,Other,Other,Other,Other,Other
If I Had You,Adam Lambert,australian pop,2010,131,91,-4,228,11,59,Other,Other,Other,Other,Other,Other,Other,Other,Other,Other
Someone Like You,Adele,british soul,2011,135,33,-8,285,3,80,Other,Other,Other,Other,Other,Other,-3,Other,Other,Other
Rolling in the Deep,Adele,british soul,2011,105,76,-5,228,3,76,Other,Other,Other,Other,Other,Other,-3,Other,Other,Other
Set Fire to the Rain,Adele,british soul,2012,108,68,-4,242,3,76,Other,Other,Other,Other,Other,Other,-3,Other,Other,Other
Hello,Adele,british soul,2015,158,45,-6,295,3,73,Other,Other,Other,Other,Other,Other,-3,Other,Other,Other
All I Ask,Adele,british soul,2016,142,28,-5,272,3,71,Other,Other,Other,Other,Other,Other,-3,Other,Other,Other
Send My Love (To Your New Lover),Adele,british soul,2016,164,52,-8,223,10,61,Other,Other,Other,Other,Other,Other,-3,Other,Other,Other
When We Were Young,Adele,british soul,2016,144,59,-6,291,5,58,Other,Other,Other,Other,Other,Other,-3,Other,Other,Other
Million Years Ago,Adele,british soul,2016,0,0,-60,227,0,0,Other,Other,Other,Other,Other,Other,-3,Other,Other,Other
All I Ask,Adele,british soul,2017,142,28,-5,272,3,71,Other,Other,Other,Other,Other,Other,-3,Other,Other,Other
Water Under the Bridge,Adele,british soul,2017,95,84,-7,240,7,49,Other,Other,Other,Other,Other,Other,-3,Other,Other,Other
Tired,Alan Walker,electro house,2017,124,88,-4,192,6,70,Other,Other,Other,Other,Other,Other,-3,Other,Other,Other
Here,Alessia Cara,canadian contemporary r&b,2015,120,82,-4,199,10,68,Other,Other,Other,Other,Other,Other,-3,Other,Other,Other
Scars To Your Beautiful,Alessia Cara,canadian contemporary r&b,2016,97,74,-6,230,13,79,Other,Other,Other,Other,Other,Other,-3,Other,Other,Other
Here,Alessia Cara,canadian contemporary r&b,2016,120,82,-4,199,10,68,Other,Other,Other,Other,Other,Other,-3,Other,Other,Other
"How Far I'll Go - From ""Moana""",Alessia Cara,canadian contemporary r&b,2017,181,54,-10,176,35,71,Other,Other,Other,Other,Other,Other,-3,Other,Other,Other
Heroes (we could be),Alesso,big room,2015,126,75,-4,210,6,56,Other,Other,Other,Other,Other,Other,-3,Other,Other,Other
Empire State of Mind (Part II) Broken Down,Alicia Keys,hip pop,2010,93,37,-8,216,3,76,Other,Other,Other,Other,Other,Other,-3,Other,Other,Other
Try Sleeping with a Broken Heart,Alicia Keys,hip pop,2010,111,82,-5,249,11,62,Other,Other,Other,Other,Other,Other,-3,Other,Other,Other
Doesn't Mean Anything,Alicia Keys,hip pop,2010,104,41,-7,273,3,57,Other,Other,Other,Other,Other,Other,-3,Other,Other,Other
Girl On Fire (feat. Nicki Minaj) - Inferno Version,Alicia Keys,hip pop,2013,93,81,-6,271,31,59,Other,Other,Other,Other,Other,Other,-3,Other,Other,Other
It's On Again - Main Soundtrack,Alicia Keys,hip pop,2014,110,54,-9,230,11,30,Other,Other,Other,Other,Other,Other,-3,Other,Other,Other
We Are Here,Alicia Keys,hip pop,2015,93,67,-6,285,4,49,Other,Other,Other,Other,Other,Other,-3,Other,Other,Other
Supernova,Ansel Elgort,dance pop,2018,140,62,-5,191,10,72,Other,Other,Other,Other,Other,Other,-3,Other,Other,Other
The Way,Ariana Grande,dance pop,2013,82,88,-3,227,11,68,Other,Other,Other,Other,Other,Other,-3,Other,Other,Other
Problem,Ariana Grande,dance pop,2014,103,81,-5,194,15,75,Other,Other,Other,Other,Other,Other,-3,Other,Other,Other
Love Me Harder,Ariana Grande,dance pop,2015,99,71,-4,236,3,76,Other,Other,Other,Other,Other,Other,-3,Other,Other,Other
Break Free,Ariana Grande,dance pop,2015,130,70,-5,215,5,75,Other,Other,Other,Other,Other,Other,-3,Other,Other,Other
Focus,Ariana Grande,dance pop,2015,100,88,-6,211,24,66,Other,Other,Other,Other,Other,Other,-3,Other,Other,Other
Into You,Ariana Grande,dance pop,2016,108,73,-6,244,11,80,Other,Other,Other,Other,Other,Other,-3,Other,Other,Other
Dangerous Woman,Ariana Grande,dance pop,2016,134,60,-5,236,4,78,Other,Other,Other,Other,Other,Other,-3,Other,Other,Other
Side To Side,Ariana Grande,dance pop,2017,159,74,-6,226,23,80,Other,Other,Other,Other,Other,Other,-3,Other,Other,Other
no tears left to cry,Ariana Grande,dance pop,2018,122,71,-6,206,6,84,Other,Other,Other,Other,Other,Other,-3,Other,Other,Other
What About Love,Austin Mahone,dance pop,2013,100,78,-7,203,4,54,Other,Other,Other,Other,Other,Other,-3,Other,Other,Other
Mmm Yeah (feat. Pitbull),Austin Mahone,dance pop,2014,126,92,-4,232,4,65,Other,Other,Other,Other,Other,Other,-3,Other,Other,Other
Wake Me Up,Avicii,big room,2013,124,78,-6,247,5,85,Other,Other,Other,Other,Other,Other,-3,Other,Other,Other
Hey Brother,Avicii,big room,2014,125,78,-5,255,4,78,Other,Other,Other,Other,Other,Other,-3,Other,Other,Other
Broken Arrows,Avicii,big room,2015,116,67,-7,233,5,65,Other,Other,Other,Other,Other,Other,-3,Other,Other,Other
What the Hell,Avril Lavigne,canadian pop,2011,150,93,-4,221,5,74,Other,Other,Other,Other,Other,Other,-3,Other,Other,Other
Rock N Roll,Avril Lavigne,canadian pop,2013,184,96,-3,207,13,61,Other,Other,Other,Other,Other,Other,-3,Other,Other,Other
Pompeii,Bastille,metropopolis,2014,127,72,-6,214,4,73,Other,Other,Other,Other,Other,Other,-3,Other,Other,Other
I Got You,Bebe Rexha,dance pop,2016,98,89,-5,192,5,64,Other,Other,Other,Other,Other,Other,-3,Other,Other,Other
Ferrari,Bebe Rexha,dance pop,2018,77,48,-6,213,3,57,Other,Other,Other,Other,Other,Other,-3,Other,Other,Other
Run the World (Girls),Beyoncé,dance pop,2011,127,90,-4,236,14,76,Other,Other,Other,Other,Other,Other,-3,Other,Other,Other
Love On Top,Beyoncé,dance pop,2011,94,75,-5,267,9,76,Other,Other,Other,Other,Other,Other,-3,Other,Other,Other
Best Thing I Never Had,Beyoncé,dance pop,2011,99,65,-4,254,3,73,Other,Other,Other,Other,Other,Other,-3,Other,Other,Other
1+1,Beyoncé,dance pop,2011,63,38,-7,274,3,60,Other,Other,Other,Other,Other,Other,-3,Other,Other,Other
Partition,Beyoncé,dance pop,2014,186,44,-12,319,29,65,Other,Other,Other,Other,Other,Other,-3,Other,Other,Other
XO,Beyoncé,dance pop,2014,170,79,-9,216,26,56,Other,Other,Other,Other,Other,Other,-3,Other,Other,Other
Drunk in Love,Beyoncé,dance pop,2014,140,62,-7,323,5,52,Other,Other,Other,Other,Other,Other,-3,Other,Other,Other
43776,Beyoncé,dance pop,2015,136,71,-5,214,13,72,Other,Other,Other,Other,Other,Other,-3,Other,Other,Other
Wings,Birdy,neo mellow,2014,83,71,-5,252,3,62,Other,Other,Other,Other,Other,Other,-4,Other,Other,Other
Not About Angels,Birdy,neo mellow,2014,116,14,-10,190,4,56,Other,Other,Other,Other,Other,Other,-4,Other,Other,Other
Tee Shirt - Soundtrack Version,Birdy,neo mellow,2014,76,34,-9,160,3,49,Other,Other,Other,Other,Other,Other,-4,Other,Other,Other
Words as Weapons,Birdy,neo mellow,2014,120,35,-9,239,3,44,Other,Other,boy band,Other,Other,Other,-4,Other,Other,Other
Keeping Your Head Up,Birdy,neo mellow,2016,122,78,-5,208,5,52,Other,Other,boy band,Other,Other,Other,-4,Other,Other,Other
Electric Love,BØRNS,electropop,2016,120,80,-8,218,5,76,Other,Other,boy band,Other,Other,Other,-4,Other,Other,Other
3,Britney Spears,dance pop,2010,135,71,-2,213,5,62,Other,Other,boy band,Other,Other,Other,-4,Other,Other,Other
Till the World Ends,Britney Spears,dance pop,2011,132,71,-6,238,7,65,Other,Other,boy band,Other,Other,Other,-4,Other,Other,Other
I Wanna Go,Britney Spears,dance pop,2011,130,55,-7,210,4,64,Other,Other,boy band,Other,Other,Other,-4,Other,Other,Other
Hold It Against Me,Britney Spears,dance pop,2011,133,72,-5,229,4,59,Other,Other,boy band,Other,Other,Other,-4,Other,Other,Other
Work Bitch,Britney Spears,dance pop,2013,128,82,-7,248,16,71,Other,Other,boy band,Other,Other,Other,-4,Other,Other,Other
"Ooh La La (from ""The Smurfs 2"")",Britney Spears,dance pop,2013,128,57,-5,257,5,45,Other,Other,boy band,Other,Other,Other,-4,Other,Other,Other
Make Me... (feat. G-Eazy),Britney Spears,dance pop,2016,123,70,-7,231,10,53,Other,Other,boy band,Other,Other,Other,-4,Other,Other,Other
Invitation,Britney Spears,dance pop,2016,112,65,-7,200,11,44,Other,Other,boy band,Other,Other,Other,-4,Other,Other,Other
Do You Wanna Come Over?,Britney Spears,dance pop,2016,121,70,-6,203,7,34,Other,Other,boy band,Other,Other,Other,-4,Other,Other,Other
Just the Way You Are,Bruno Mars,pop,2010,109,84,-5,221,4,78,Other,Other,boy band,Other,Other,Other,-4,Other,Other,Other
Marry You,Bruno Mars,pop,2010,145,83,-5,230,4,73,Other,Other,boy band,Other,Other,Other,-4,Other,Other,Other
Just the Way You Are,Bruno Mars,pop,2011,109,84,-5,221,4,78,Other,Other,boy band,Other,Other,Other,-4,Other,Other,Other
Grenade,Bruno Mars,pop,2011,110,56,-7,223,6,75,Other,Other,Other,Other,Other,Other,-4,Other,Other,Other
Marry You,Bruno Mars,pop,2011,145,83,-5,230,4,73,Other,Other,Other,Other,Other,Other,-4,Other,Other,Other
Locked Out of Heaven,Bruno Mars,pop,2012,144,70,-4,233,4,79,Other,Other,Other,Other,Other,Other,-4,Other,Other,Other
It Will Rain,Bruno Mars,pop,2012,150,84,-7,258,5,38,Other,Other,Other,Other,Other,Other,-4,Other,Other,Other
Treasure,Bruno Mars,pop,2014,116,69,-5,179,4,77,Other,Other,Other,Other,Other,Other,-4,Other,Other,Other
Gorilla,Bruno Mars,pop,2014,140,54,-7,244,4,68,Other,Other,Other,Other,Other,Other,-4,Other,Other,Other
Young Girls,Bruno Mars,pop,2014,126,75,-5,229,3,67,Other,Other,Other,Other,Other,Other,-4,Other,Other,Other
That's What I Like,Bruno Mars,pop,2017,134,56,-5,207,4,83,Other,Other,Other,Other,Other,Other,-4,Other,Other,Other
24K Magic,Bruno Mars,pop,2017,107,80,-4,226,8,69,Other,Other,Other,Other,Other,Other,-4,Other,Other,Other
Finesse - Remix; feat. Cardi B,Bruno Mars,pop,2018,105,86,-5,217,10,78,Other,Other,Other,Other,Other,Other,-4,Other,Other,Other
Under Control,Calvin Harris,dance pop,2013,126,92,-3,184,8,74,Other,Other,Other,Other,Other,Other,-4,Other,Other,Other
Sweet Nothing (feat. Florence Welch),Calvin Harris,dance pop,2013,128,93,-4,213,11,72,Other,Other,Other,Other,Other,Other,-4,Other,Other,Other
Summer,Calvin Harris,dance pop,2014,128,86,-4,223,3,80,Other,Other,Other,Other,Other,Other,-4,Other,Other,Other
How Deep Is Your Love,Calvin Harris,dance pop,2015,122,87,-4,213,7,77,Other,Other,Other,Other,Other,Other,-4,Other,Other,Other
Blame,Calvin Harris,dance pop,2015,128,86,-4,213,8,76,Other,Other,Other,Other,Other,Other,-4,Other,Other,Other
This Is What You Came For,Calvin Harris,dance pop,2016,124,93,-3,222,3,80,Other,Other,Other,Other,Other,Other,-4,Other,Other,Other
My Way,Calvin Harris,dance pop,2017,120,91,-3,219,4,78,Other,Other,Other,Other,Other,Other,-4,Other,Other,Other
Slide (feat. Frank Ocean & Migos),Calvin Harris,dance pop,2017,104,80,-3,231,5,75,Other,Other,Other,Other,Other,Other,-4,Other,Other,Other
One Kiss (with Dua Lipa),Calvin Harris,dance pop,2018,124,86,-3,215,11,86,Other,Other,Other,Other,Other,Other,-4,Other,Other,Other
Giant (with Rag'n'Bone Man),Calvin Harris,dance pop,2019,122,89,-4,229,4,84,Other,Other,Other,Other,Other,Other,-4,Other,Other,Other
Crying in the Club,Camila Cabello,dance pop,2017,85,62,-6,216,38,75,Other,Other,Other,Other,Other,Other,-4,Other,Other,Other
Havana (feat. Young Thug),Camila Cabello,dance pop,2018,105,52,-4,217,3,85,Other,Other,Other,Other,Other,Other,-4,Other,Other,Other
Never Be the Same - Radio Edit,Camila Cabello,dance pop,2018,130,69,-4,227,9,57,Other,Other,Other,Other,Other,Other,-4,Other,Other,Other
Bodak Yellow,Cardi B,pop,2017,125,72,-6,224,11,70,Other,Other,Other,Other,Other,Other,-4,Other,Other,Other
I Like It,Cardi B,pop,2018,136,73,-4,253,13,85,Other,Other,Other,Other,Other,Other,-4,Other,Other,Other
Drip (feat. Migos),Cardi B,pop,2018,130,59,-8,264,26,45,Other,Other,canadian pop,Other,Other,Other,-4,Other,Other,Other
Call Me Maybe,Carly Rae Jepsen,canadian pop,2012,120,58,-7,193,4,76,Other,Other,canadian pop,Other,Other,Other,-4,Other,Other,Other
I Really Like You,Carly Rae Jepsen,canadian pop,2015,122,81,-5,205,4,66,Other,Other,canadian pop,Other,Other,Other,-4,Other,Other,78
Run Away With Me,Carly Rae Jepsen,canadian pop,2016,119,72,-6,251,5,63,Other,Other,canadian pop,Other,Other,Other,-4,Other,Other,78
Higher,Carly Rae Jepsen,canadian pop,2016,114,87,-5,234,6,46,Other,Other,canadian pop,Other,Other,Other,-4,Other,Other,78
Cut To The Feeling,Carly Rae Jepsen,canadian pop,2017,115,91,-3,208,6,69,Other,Other,canadian pop,Other,Other,Other,-4,Other,Other,78
Love Incredible (feat. Camila Cabello),Cashmere Cat,downtempo,2017,167,50,-9,180,12,59,Other,Other,canadian pop,Other,Other,Other,-4,Other,Other,78
Miss You (with Major Lazer & Tory Lanez),Cashmere Cat,downtempo,2018,100,64,-5,186,9,64,Other,Other,canadian pop,Other,Other,Other,-4,Other,Other,78
Boom Clap - From the Motion Picture Das Schicksal ist ein mieser Verräter,Charli XCX,candy pop,2014,92,81,-4,169,6,50,Other,Other,canadian pop,Other,Other,Other,-4,Other,Other,78
One Call Away (feat. Tyga) - Remix,Charlie Puth,dance pop,2016,91,69,-5,192,4,41,Other,Other,canadian pop,Other,Other,Other,-4,Other,Other,78
We Don't Talk Anymore - DROELOE Remix,Charlie Puth,dance pop,2017,100,82,-5,218,22,59,Other,Other,canadian pop,Other,Other,Other,-4,Other,Other,78
Attention,Charlie Puth,dance pop,2018,100,61,-5,209,5,83,Other,Other,canadian pop,Other,Other,Other,-4,Other,Other,78
Yeah 3x,Chris Brown,dance pop,2011,130,88,-3,242,4,69,Other,Other,canadian pop,Other,Other,Other,-4,Other,Other,78
Turn Up the Music,Chris Brown,dance pop,2012,130,84,-6,228,10,65,Other,Other,canadian pop,Other,Other,Other,-4,Other,Other,78
No Guidance (feat. Drake),Chris Brown,dance pop,2019,93,45,-7,261,15,81,Other,Other,canadian pop,Other,Other,Other,-4,Other,Other,78
Bound To You - Burlesque Original Motion Picture Soundtrack,Christina Aguilera,dance pop,2010,164,41,-5,264,3,61,Other,Other,canadian pop,Other,Other,Other,-4,Other,Other,78
Something's Got A Hold On Me - Burlesque Original Motion Picture Soundtrack,Christina Aguilera,dance pop,2010,150,85,-4,185,27,58,Other,Other,canadian pop,Other,Other,Other,-4,Other,Other,78
You Lost Me,Christina Aguilera,dance pop,2010,43,39,-6,257,4,56,Other,Other,canadian pop,Other,Other,Other,-4,Other,Other,78
Not Myself Tonight,Christina Aguilera,dance pop,2010,120,81,-5,186,4,55,Other,Other,canadian pop,Other,Other,Other,-4,Other,Other,78
Genie In a Bottle,Christina Aguilera,dance pop,2015,176,80,-7,218,16,72,Other,Other,canadian pop,Other,Other,Other,-4,Other,Other,78
Change,Christina Aguilera,dance pop,2016,82,54,-6,187,8,54,Other,Other,canadian pop,Other,Other,Other,-4,Other,Other,78
A Thousand Years,Christina Perri,dance pop,2011,139,41,-7,285,3,81,Other,Other,canadian pop,Other,130,Other,-4,Other,Other,78
Jar of Hearts,Christina Perri,dance pop,2011,75,35,-6,247,3,50,Other,Other,canadian pop,Other,130,Other,-4,Other,Other,78
human,Christina Perri,dance pop,2014,144,49,-6,251,4,68,Other,Other,canadian pop,Other,130,Other,-4,Other,Other,78
Overdose,Ciara,dance pop,2013,107,70,-6,227,3,43,Other,Other,canadian pop,Other,130,Other,-4,Other,Other,78
Rather Be (feat. Jess Glynne),Clean Bandit,dance pop,2015,121,59,-7,228,4,73,Other,Other,canadian pop,Other,130,Other,-4,Other,Other,78
Rockabye (feat. Sean Paul & Anne-Marie),Clean Bandit,dance pop,2017,102,76,-4,251,5,78,Other,Other,canadian pop,Other,130,Other,-4,Other,Other,78
Reggaetón Lento (Remix),CNCO,boy band,2017,94,91,-3,189,9,71,Other,Other,canadian pop,Other,130,Other,-4,Other,Other,78
Paradise,Coldplay,permanent wave,2012,140,59,-7,279,3,79,Other,Other,canadian pop,Other,130,Other,-4,Other,Other,78
Atlas - From “The Hunger Games: Catching Fire” Soundtrack,Coldplay,permanent wave,2013,136,45,-8,236,3,55,Other,Other,canadian pop,Other,130,Other,-4,Other,Other,Other
A Sky Full of Stars,Coldplay,permanent wave,2014,125,68,-6,268,3,60,Other,Other,canadian pop,Other,130,Other,-4,Other,Other,Other
A L I E N S,Coldplay,permanent wave,2017,148,88,-5,282,4,41,Other,Other,canadian pop,Other,130,Other,-4,Other,Other,Other
Con Calma - Remix,Daddy Yankee,latin,2019,94,87,-3,181,5,76,Other,Other,canadian pop,Other,130,Other,-4,Other,Other,Other
Get Lucky (feat. Pharrell Williams & Nile Rodgers) - Radio Edit,Daft Punk,electro,2013,116,81,-9,248,4,77,Other,Other,canadian pop,Other,130,Other,-4,Other,Other,Other
Lose Yourself to Dance,Daft Punk,electro,2013,100,66,-8,354,6,72,Other,Other,Other,Other,130,Other,-4,Other,Other,Other
Tequila,Dan + Shay,contemporary country,2018,86,59,-6,196,3,76,Other,Other,Other,Other,130,Other,-4,Other,Other,Other
Sexy Bitch (feat. Akon),David Guetta,dance pop,2010,130,63,-5,196,5,61,Other,Other,Other,Other,130,Other,-4,Other,Other,Other
Without You (feat. Usher),David Guetta,dance pop,2011,128,61,-4,208,3,68,Other,Other,Other,Other,130,Other,-4,Other,Other,Other
Titanium (feat. Sia),David Guetta,dance pop,2012,126,79,-4,245,10,80,Other,Other,Other,Other,130,Other,-4,Other,Other,Other
Play Hard (feat. Ne-Yo & Akon) - New Edit,David Guetta,dance pop,2013,130,87,-3,209,4,67,Other,Other,Other,Other,130,Other,-4,Other,Other,Other
Shot Me Down (feat. Skylar Grey) - Radio Edit,David Guetta,dance pop,2014,192,77,-4,191,5,61,Other,Other,Other,Other,130,Other,-4,Other,Other,Other
"Hey Mama (feat. Nicki Minaj, Bebe Rexha & Afrojack)",David Guetta,dance pop,2015,86,73,-4,193,15,72,Other,Other,Other,2013,130,Other,-4,Other,Other,Other
Bang My Head (feat. Sia & Fetty Wap),David Guetta,dance pop,2015,108,87,-4,193,8,54,Other,Other,Other,2013,130,Other,-4,Other,Other,Other
Yesterday (feat. Bebe Rexha),David Guetta,dance pop,2015,128,78,-4,243,3,46,Other,Other,Other,2013,130,Other,-4,Other,Other,Other
2U (feat. Justin Bieber),David Guetta,dance pop,2018,145,61,-7,195,6,65,Other,Other,Other,2013,130,Other,-4,Other,Other,Other
Heart Attack,Demi Lovato,dance pop,2013,174,79,-5,211,10,76,Other,Other,Other,2013,130,Other,-4,Other,Other,Other
Made In The USA,Demi Lovato,dance pop,2013,87,86,-4,196,4,60,Other,Other,Other,2013,130,Other,-4,Other,Other,Other
"Let It Go - From ""Frozen / Single Version",Demi Lovato,dance pop,2014,140,66,-6,226,4,63,Other,Other,Other,2013,130,Other,-4,Other,Other,Other
Really Don't Care,Demi Lovato,dance pop,2015,121,73,-4,202,9,70,Other,Other,dance pop,2013,Other,Other,-4,Other,Other,Other
Confident,Demi Lovato,dance pop,2016,130,75,-6,206,7,75,Other,Other,dance pop,2013,Other,Other,-4,Other,Other,76
Body Say,Demi Lovato,dance pop,2016,87,74,-5,194,4,65,Other,Other,dance pop,2013,Other,Other,-4,Other,Other,76
Sorry Not Sorry,Demi Lovato,dance pop,2018,144,64,-7,204,23,81,Other,Other,dance pop,2013,Other,Other,-4,Other,Other,76
Tell Me You Love Me - NOTD Remix,Demi Lovato,dance pop,2018,102,77,-5,182,8,44,Other,Other,dance pop,2013,Other,Other,-4,Other,Other,76
Latch,Disclosure,house,2014,122,73,-5,256,17,72,Other,Other,dance pop,2013,Other,Other,-4,Other,Other,76
"I'm the One (feat. Justin Bieber, Quavo, Chance the Rapper & Lil Wayne)",DJ Khaled,dance pop,2017,81,67,-4,289,4,77,Other,Other,dance pop,2013,Other,Other,-4,Other,Other,76
Wild Thoughts (feat. Rihanna & Bryson Tiller),DJ Khaled,dance pop,2018,98,67,-3,204,7,76,Other,Other,dance pop,2013,128,Other,-4,Other,Other,76
"No Brainer (feat. Justin Bieber, Chance the Rapper & Quavo)",DJ Khaled,dance pop,2019,136,76,-5,260,34,70,Other,Other,dance pop,2013,128,Other,-4,Other,Other,76
Let Me Love You,DJ Snake,electronic trap,2017,100,72,-5,206,3,82,Other,Other,dance pop,2013,128,Other,-4,Other,Other,76
"Taki Taki (feat. Selena Gomez, Ozuna & Cardi B)",DJ Snake,electronic trap,2019,96,80,-4,213,23,77,Other,Other,dance pop,2013,128,Other,-4,Other,Other,76
Cake By The Ocean,DNCE,dance pop,2016,119,75,-5,219,5,81,Other,Other,dance pop,2013,128,Other,-4,Other,Other,76
Toothbrush,DNCE,dance pop,2016,105,79,-6,232,13,72,Other,Other,dance pop,2013,128,Other,-4,Other,Other,76
Blown,DNCE,dance pop,2016,130,95,-5,197,4,48,Other,Other,dance pop,2013,128,81,-4,Other,Other,76
Kissing Strangers,DNCE,dance pop,2017,120,74,-6,202,4,66,Other,Other,dance pop,2013,128,81,-4,Other,Other,76
Body Moves,DNCE,dance pop,2017,102,69,-5,236,4,62,Other,Other,dance pop,2013,128,81,-4,Other,Other,76
Kissing Strangers - Remix,DNCE,dance pop,2017,120,77,-6,202,5,43,Other,Other,dance pop,2013,128,81,-4,Other,Other,76
Kissing Strangers,DNCE,dance pop,2018,120,74,-6,202,4,66,Other,Other,dance pop,2013,128,81,-4,Other,Other,76
"Hold On, We're Going Home",Drake,canadian hip hop,2013,100,41,-7,228,10,73,Other,Other,dance pop,2013,128,81,-4,Other,Other,76
Too Good,Drake,canadian hip hop,2016,118,65,-8,263,10,74,Other,Other,dance pop,2013,128,81,-4,Other,Other,76
New Rules,Dua Lipa,dance pop,2018,116,70,-6,209,7,84,Other,Other,dance pop,2013,128,81,-4,Other,Other,76
IDGAF,Dua Lipa,dance pop,2018,97,54,-6,218,9,84,Other,Other,dance pop,2013,128,81,-4,Other,Other,76
Want To,Dua Lipa,dance pop,2018,92,69,-5,212,12,67,Other,Other,dance pop,2013,128,81,-4,Other,Other,76
Thinking out Loud,Ed Sheeran,pop,2015,79,45,-6,282,3,84,Other,Other,dance pop,2013,128,81,-4,Other,Other,76
Don't,Ed Sheeran,pop,2015,95,61,-7,220,7,74,Other,Other,dance pop,2013,128,81,-4,Other,Other,76
Sing,Ed Sheeran,pop,2015,120,67,-4,235,5,71,Other,Other,dance pop,2013,128,81,-4,Other,Other,Other
Bloodstream,Ed Sheeran,pop,2015,89,59,-6,309,5,52,Other,Other,dance pop,2013,128,81,-4,Other,Other,Other
Shape of You,Ed Sheeran,pop,2017,96,65,-3,234,8,87,Other,Other,dance pop,2013,128,81,-4,Other,Other,Other
Perfect Duet (Ed Sheeran & Beyoncé),Ed Sheeran,pop,2018,95,30,-7,260,3,78,Other,Other,dance pop,2013,128,81,-4,Other,Other,Other
South of the Border (feat. Camila Cabello & Cardi B),Ed Sheeran,pop,2019,98,62,-6,204,8,92,Other,Other,dance pop,2013,128,81,-4,Other,Other,Other
Beautiful People (feat. Khalid),Ed Sheeran,pop,2019,93,65,-8,198,19,86,Other,Other,dance pop,2013,128,81,-4,Other,Other,Other
I Don't Care (with Justin Bieber),Ed Sheeran,pop,2019,102,68,-5,220,4,85,Other,Other,dance pop,2013,128,81,-4,Other,Other,Other
Antisocial (with Travis Scott),Ed Sheeran,pop,2019,152,82,-5,162,5,78,Other,Other,dance pop,2013,128,81,-4,Other,Other,Other
Cross Me (feat. Chance the Rapper & PnB Rock),Ed Sheeran,pop,2019,95,79,-6,206,12,75,Other,Other,dance pop,2013,128,81,-4,Other,Other,Other
Lights - Single Version,Ellie Goulding,dance pop,2012,120,80,-6,211,4,65,Other,Other,dance pop,2013,128,81,-5,Other,Other,Other
Anything Could Happen,Ellie Goulding,dance pop,2013,103,78,-4,286,3,52,Other,Other,dance pop,2013,128,81,-5,Other,Other,Other
Burn,Ellie Goulding,dance pop,2014,87,78,-5,231,4,71,Other,Other,dance pop,2013,Other,80,-5,Other,Other,Other
"Love Me Like You Do - From ""Fifty Shades Of Grey""",Ellie Goulding,dance pop,2015,190,61,-7,253,5,79,Other,Other,dance pop,2013,Other,80,-5,Other,Other,Other
On My Mind,Ellie Goulding,dance pop,2015,155,71,-7,213,5,65,Other,Other,dance pop,2013,Other,80,-5,Other,Other,Other
Next To Me,Emeli Sandé,dance pop,2013,95,80,-5,197,4,60,Other,Other,dance pop,2013,Other,80,-5,Other,Other,Other
Clown,Emeli Sandé,dance pop,2013,130,23,-8,221,4,60,Other,Other,dance pop,2013,Other,80,-5,Other,Other,Other
Hurts,Emeli Sandé,dance pop,2016,106,64,-8,238,3,57,Other,Other,dance pop,2013,Other,80,-5,Other,Other,Other
Love The Way You Lie,Eminem,detroit hip hop,2010,87,93,-5,263,23,82,Other,Other,dance pop,2013,Other,80,-5,Other,Other,Other
Walk On Water (feat. Beyoncé),Eminem,detroit hip hop,2018,82,44,-10,304,24,65,Other,Other,dance pop,2013,Other,80,-5,Other,Other,Other
I Like It,Enrique Iglesias,dance pop,2010,129,94,-3,231,9,63,Other,Other,dance pop,2013,Other,80,-5,Other,Other,Other
Tonight (I'm Fuckin' You),Enrique Iglesias,dance pop,2011,126,89,-4,232,5,63,Other,Other,dance pop,2013,Other,80,-5,Other,Other,Other
Finally Found You,Enrique Iglesias,dance pop,2013,128,88,-5,221,10,52,Other,Other,dance pop,2013,Other,80,-5,Other,Other,Other
Let Me Be Your Lover,Enrique Iglesias,dance pop,2015,112,90,-4,238,13,34,Other,Other,dance pop,2013,Other,80,-5,Other,Other,Other
MOVE TO MIAMI,Enrique Iglesias,dance pop,2018,100,87,-4,169,5,64,Other,Other,dance pop,2013,Other,80,-5,Other,Other,Other
Like A G6,Far East Movement,dance pop,2010,125,84,-8,217,45,72,Other,Other,dance pop,2013,Other,80,-5,Other,Other,Other
A Little Party Never Killed Nobody (All We Got),Fergie,dance pop,2013,130,62,-6,241,18,65,Other,Other,dance pop,2013,Other,80,-5,Other,Other,Other
A Little Party Never Killed Nobody (All We Got),Fergie,dance pop,2014,130,62,-6,241,18,65,Other,Other,dance pop,2013,Other,80,-5,Other,Other,Other
L.A.LOVE (la la),Fergie,dance pop,2015,202,39,-8,193,9,0,Other,Other,dance pop,2013,Other,80,-5,Other,Other,Other
Worth It,Fifth Harmony,dance pop,2015,100,77,-4,225,9,75,Other,Other,dance pop,2013,Other,80,-5,Other,Other,Other
BO$$,Fifth Harmony,dance pop,2015,103,87,-5,171,11,66,Other,Other,dance pop,2013,Other,80,-5,Other,Other,73
Work from Home (feat. Ty Dolla $ign),Fifth Harmony,dance pop,2016,105,59,-6,214,4,79,Other,Other,dance pop,2013,Other,80,-5,Other,Other,73
Angel,Fifth Harmony,dance pop,2017,124,53,-6,189,4,59,Other,Other,dance pop,2013,Other,80,-5,Other,Other,73
Club Can't Handle Me (feat. David Guetta),Flo Rida,dance pop,2010,128,87,-4,235,3,73,Other,Other,dance pop,2013,Other,80,-5,Other,Other,73
My House,Flo Rida,dance pop,2015,94,70,-5,192,5,77,Other,Other,dance pop,2013,Other,80,-5,Other,Other,73
Dog Days Are Over,Florence + The Machine,art pop,2010,150,81,-5,253,9,58,Other,Other,dance pop,2013,Other,80,-5,Other,7,73
St Jude,Florence + The Machine,art pop,2015,117,43,-11,225,3,47,Other,Other,dance pop,2013,Other,80,-5,Other,7,73
Wish That You Were Here - From “Miss Peregrine’s Home for Peculiar Children” Original Motion Picture,Florence + The Machine,art pop,2016,94,57,-6,403,3,57,Other,Other,dance pop,2013,Other,80,-5,230,7,73
Some Nights,fun.,baroque pop,2012,108,74,-7,277,5,72,Other,Other,dance pop,2013,Other,Other,-5,230,7,73
We Are Young (feat. Janelle Monáe),fun.,baroque pop,2012,184,64,-6,251,8,63,Other,Other,dance pop,2013,Other,Other,-5,230,7,73
Rich Boy,Galantis,big room,2017,110,90,-2,184,5,55,Other,Other,dance pop,Other,Other,Other,-5,230,7,73
"Me, Myself & I",G-Eazy,hip hop,2016,112,67,-7,251,10,78,Other,Other,dance pop,Other,Other,Other,-5,230,7,73
Him & I (with Halsey),G-Eazy,hip hop,2018,88,73,-6,269,9,78,Other,Other,dance pop,Other,Other,Other,-5,230,7,73
Baby Don't Lie,Gwen Stefani,dance pop,2015,100,55,-5,203,3,52,Other,Other,dance pop,Other,Other,Other,-5,230,7,73
Spark The Fire,Gwen Stefani,dance pop,2015,120,80,-4,202,6,39,Other,Other,dance pop,Other,Other,Other,-5,230,7,73
Make Me Like You,Gwen Stefani,dance pop,2016,118,71,-5,217,5,50,Other,Other,dance pop,Other,Other,Other,-5,230,7,73
Stereo Hearts (feat. Adam Levine),Gym Class Heroes,dance pop,2012,90,80,-3,211,10,54,Other,Other,dance pop,Other,Other,Other,-5,230,7,73
Starving,Hailee Steinfeld,dance pop,2016,100,62,-4,182,6,78,Other,Other,dance pop,Other,Other,Other,-5,230,7,73
"Let Me Go (with Alesso, Florida Georgia Line & watt)",Hailee Steinfeld,dance pop,2018,103,71,-4,175,5,82,Other,Other,dance pop,Other,Other,Other,-5,230,7,73
Capital Letters,Hailee Steinfeld,dance pop,2018,100,81,-6,219,8,76,Other,Other,dance pop,Other,Other,Other,-5,230,7,73
Bad At Love,Halsey,dance pop,2018,118,75,-4,181,3,78,Other,Other,dance pop,Other,Other,Other,-5,230,7,73
Sign of the Times,Harry Styles,dance pop,2018,120,57,-5,341,3,72,Other,Other,dance pop,Other,Other,Other,-5,Other,7,73
What I Need (feat. Kehlani),Hayley Kiyoko,dance pop,2018,104,79,-4,220,6,67,Other,Other,dance pop,Other,Other,Other,-5,Other,7,73
Sparks,Hilary Duff,dance pop,2015,122,88,-5,186,6,44,Other,Other,dance pop,Other,Other,Other,-5,Other,7,73
Little Lies,Hilary Duff,dance pop,2016,124,76,-6,204,6,36,Other,Other,dance pop,Other,Other,Other,-5,Other,7,73
Tonight Tonight,Hot Chelle Rae,dance pop,2011,100,78,-5,200,12,75,Other,Other,dance pop,Other,Other,Other,-5,Other,7,73
Take Me To Church,Hozier,irish singer-songwriter,2015,129,66,-5,242,5,81,Other,Other,dance pop,Other,Other,Other,-5,Other,7,72
I Love It (feat. Charli XCX),Icona Pop,candy pop,2013,126,91,-3,157,3,67,Other,Other,dance pop,Other,Other,Other,-5,Other,7,72
Fancy,Iggy Azalea,australian hip hop,2014,95,72,-4,200,7,70,Other,Other,dance pop,Other,Other,78,-5,Other,7,72
Mi Gente (feat. Beyoncé),J Balvin,latin,2018,105,72,-6,210,8,68,Other,Other,dance pop,Other,Other,78,-5,Other,7,72
Impossible,James Arthur,pop,2013,170,70,-5,209,9,77,Other,Other,dance pop,Other,Other,78,-5,Other,7,72
BURNITUP!,Janet Jackson,dance pop,2016,123,71,-7,250,18,31,Other,Other,dance pop,Other,Other,78,-5,Other,7,72
Talk Dirty (feat. 2 Chainz),Jason Derulo,dance pop,2014,100,65,-7,178,23,68,Other,Other,dance pop,Other,Other,78,-5,Other,7,72
Wiggle (feat. Snoop Dogg),Jason Derulo,dance pop,2014,82,62,-7,193,25,67,Other,Other,dance pop,Other,Other,78,-5,Other,7,72
Want to Want Me,Jason Derulo,dance pop,2015,114,68,-6,208,6,77,Other,Other,dance pop,Other,Other,78,-5,Other,7,72
Trumpets,Jason Derulo,dance pop,2015,82,70,-5,217,24,69,Other,Other,dance pop,Other,Other,78,-5,Other,7,72
Dangerous,Jennifer Hudson,dance pop,2015,109,53,-5,255,5,18,Other,Other,dance pop,Other,Other,78,-5,Other,7,72
On The Floor,Jennifer Lopez,dance pop,2011,130,78,-5,285,5,69,Other,Other,dance pop,Other,Other,78,-5,Other,7,72
I'm Into You,Jennifer Lopez,dance pop,2011,84,75,-4,200,14,59,Other,Other,dance pop,Other,Other,78,-5,Other,7,72
Papi,Jennifer Lopez,dance pop,2011,120,81,-5,223,6,58,Other,Other,dance pop,Other,Other,78,-5,Other,7,72
Invading My Mind,Jennifer Lopez,dance pop,2011,129,88,-4,201,7,31,Other,Other,dance pop,Other,Other,78,-5,Other,7,72
Dance Again,Jennifer Lopez,dance pop,2012,128,86,-5,237,7,66,Other,Other,dance pop,Other,Other,78,-5,Other,7,72
Live It Up,Jennifer Lopez,dance pop,2013,128,73,-5,244,17,57,Other,Other,dance pop,Other,Other,78,-5,Other,7,72
I Luh Ya Papi,Jennifer Lopez,dance pop,2014,96,73,-6,207,42,28,Other,Other,dance pop,Other,Other,78,-5,Other,6,72
Booty,Jennifer Lopez,dance pop,2015,129,95,-4,210,5,64,Other,Other,dance pop,Other,Other,78,-5,Other,6,72
"Feel The Light - From The ""Home"" Soundtrack",Jennifer Lopez,dance pop,2015,156,60,-6,292,5,55,Other,Other,dance pop,Other,Other,78,-5,Other,6,72
Ain't Your Mama,Jennifer Lopez,dance pop,2016,120,68,-6,218,23,72,Other,Other,dance pop,Other,Other,78,-5,Other,6,72
Don't Be so Hard on Yourself,Jess Glynne,dance pop,2015,120,82,-3,211,3,52,Other,Other,dance pop,Other,Other,78,-5,Other,6,72
Price Tag,Jessie J,australian pop,2011,175,83,-4,223,18,72,Other,Other,dance pop,Other,Other,78,-5,Other,6,72
Domino,Jessie J,australian pop,2012,127,55,-5,232,3,69,Other,Other,dance pop,Other,Other,Other,-5,Other,6,72
Bang Bang,Jessie J,australian pop,2015,150,75,-4,199,9,61,Other,Other,dance pop,Other,Other,Other,-5,Other,6,72
Foolish Games,Jewel,alaska indie,2013,132,34,-11,250,3,36,Other,Other,dance pop,Other,Other,Other,-5,Other,6,72
Picky - Remix,Joey Montana,latin,2016,186,81,-3,225,7,29,Other,Other,dance pop,Other,Other,Other,-5,Other,6,72
All of Me,John Legend,neo mellow,2014,120,26,-7,270,3,86,Other,Other,dance pop,Other,Other,Other,-5,Other,6,72
Start,John Legend,neo mellow,2016,110,4,-15,310,4,47,Other,Other,dance pop,Other,Other,Other,-5,Other,6,72
Love Me Again,John Newman,pop,2014,126,89,-5,240,4,73,Other,Other,dance pop,Other,Other,Other,-5,Other,6,72
Mama,Jonas Blue,dance pop,2017,104,79,-4,184,4,75,Other,Other,dance pop,Other,Other,Other,-5,Other,6,72
Pom Poms,Jonas Brothers,boy band,2013,148,98,-2,198,9,52,Other,Other,dance pop,Other,Other,Other,-5,Other,6,72
Only Human,Jonas Brothers,boy band,2019,94,50,-6,183,7,87,Other,Other,dance pop,Other,Other,Other,-5,Other,6,72
Sucker,Jonas Brothers,boy band,2019,138,73,-5,181,6,86,Other,Other,dance pop,Other,Other,Other,-5,Other,6,Other
Baby,Justin Bieber,canadian pop,2010,65,86,-5,214,14,77,Other,Justin Bieber,dance pop,Other,Other,Other,-5,Other,6,Other
Beauty And A Beat,Justin Bieber,canadian pop,2012,128,84,-5,228,6,72,Other,Justin Bieber,dance pop,Other,Other,Other,-5,Other,6,Other
Boyfriend,Justin Bieber,canadian pop,2012,97,55,-6,171,5,71,Other,Justin Bieber,dance pop,Other,Other,Other,-5,Other,6,Other
Heartbreaker,Justin Bieber,canadian pop,2013,105,52,-7,263,10,61,Other,Justin Bieber,dance pop,Other,Other,Other,-5,Other,6,Other
Love Yourself,Justin Bieber,canadian pop,2015,100,38,-10,234,44,83,Other,Justin Bieber,dance pop,Other,Other,Other,-5,Other,6,Other
Sorry,Justin Bieber,canadian pop,2015,100,76,-4,201,5,81,Other,Justin Bieber,dance pop,Other,Other,Other,-5,Other,6,Other
What Do You Mean?,Justin Bieber,canadian pop,2015,125,57,-8,206,10,79,Other,Justin Bieber,dance pop,Other,Other,Other,-5,Other,6,Other
Company,Justin Bieber,canadian pop,2015,95,80,-5,208,6,72,Other,Justin Bieber,dance pop,Other,Other,Other,-5,Other,6,Other
I'll Show You,Justin Bieber,canadian pop,2015,192,61,-7,200,10,68,Other,Justin Bieber,dance pop,2015,Other,Other,-5,Other,6,Other
The Feeling,Justin Bieber,canadian pop,2015,127,81,-6,245,6,67,Other,Justin Bieber,dance pop,2015,Other,Other,-5,Other,6,Other
What Do You Mean? - Acoustic,Justin Bieber,canadian pop,2015,125,36,-11,204,4,64,Other,Justin Bieber,dance pop,2015,Other,Other,-5,Other,6,Other
Mark My Words,Justin Bieber,canadian pop,2015,114,26,-9,134,3,63,Other,Justin Bieber,dance pop,2015,Other,Other,-5,Other,6,Other
Been You,Justin Bieber,canadian pop,2015,113,78,-6,199,7,60,Other,Justin Bieber,dance pop,2015,Other,75,-5,Other,6,Other
Love Yourself,Justin Bieber,canadian pop,2016,100,38,-10,234,44,83,Other,Justin Bieber,dance pop,2015,Other,75,-5,Other,6,Other
Company,Justin Bieber,canadian pop,2016,95,80,-5,208,6,72,Other,Justin Bieber,dance pop,2015,Other,75,-5,Other,6,Other
Friends (with BloodPop®),Justin Bieber,canadian pop,2018,105,73,-5,189,4,77,Other,Justin Bieber,dance pop,2015,Other,75,-5,Other,6,Other
Suit & Tie,Justin Timberlake,dance pop,2013,102,60,-4,326,22,68,Other,Other,dance pop,2015,Other,75,-5,Other,6,Other
Mirrors - Radio Edit,Justin Timberlake,dance pop,2013,77,60,-6,277,5,60,Other,Other,dance pop,2015,120,75,-5,Other,6,Other
TKO,Justin Timberlake,dance pop,2013,138,68,-7,424,24,58,Other,Other,dance pop,2015,120,75,-5,Other,6,Other
Take Back the Night,Justin Timberlake,dance pop,2013,107,66,-5,353,16,54,Other,Other,dance pop,2015,120,75,-5,Other,6,Other
Not a Bad Thing,Justin Timberlake,dance pop,2014,86,73,-6,266,6,0,Other,Other,dance pop,2015,120,75,-5,Other,6,Other
"CAN'T STOP THE FEELING! (Original Song from DreamWorks Animation's ""TROLLS"")",Justin Timberlake,dance pop,2016,113,83,-6,236,7,79,Other,Other,dance pop,2015,120,75,-5,Other,6,Other
Say Something,Justin Timberlake,dance pop,2018,97,63,-7,279,8,74,Other,Other,dance pop,2015,120,75,-5,Other,6,Other
Filthy,Justin Timberlake,dance pop,2018,97,58,-6,294,14,62,Other,Other,dance pop,2015,120,75,-5,Other,6,Other
Supplies,Justin Timberlake,dance pop,2018,120,55,-7,226,5,57,Other,Other,dance pop,2015,120,75,-5,Other,6,Other
Monster,Kanye West,chicago rap,2011,125,69,-6,379,20,73,Other,Other,dance pop,2015,120,75,-5,Other,6,Other
Teenage Dream,Katy Perry,dance pop,2010,120,80,-5,228,4,63,Other,Katy Perry,dance pop,2015,120,75,-5,Other,6,Other
California Gurls,Katy Perry,dance pop,2010,125,75,-4,235,5,62,Other,Katy Perry,dance pop,2015,120,75,-5,Other,6,Other
E.T.,Katy Perry,dance pop,2011,152,87,-5,230,18,66,Other,Katy Perry,dance pop,2015,120,75,-5,Other,6,Other
Last Friday Night (T.G.I.F.),Katy Perry,dance pop,2011,126,81,-4,231,4,27,Other,Katy Perry,dance pop,2015,120,75,-5,Other,6,Other
Firework,Katy Perry,dance pop,2011,124,83,-5,228,5,25,Other,Katy Perry,dance pop,2015,120,75,-5,Other,6,Other
Part Of Me,Katy Perry,dance pop,2012,130,92,-5,216,4,71,Other,Katy Perry,dance pop,2015,120,75,-5,Other,6,Other
Wide Awake,Katy Perry,dance pop,2012,160,68,-5,221,4,68,Other,Katy Perry,dance pop,2015,120,75,-5,Other,6,Other
The One That Got Away,Katy Perry,dance pop,2012,134,80,-4,227,4,67,Other,Katy Perry,dance pop,2015,120,Other,-5,Other,6,Other
Roar,Katy Perry,dance pop,2013,180,77,-5,224,4,78,Other,Katy Perry,dance pop,2015,120,Other,-5,Other,6,Other
Dark Horse,Katy Perry,dance pop,2014,132,59,-6,216,5,78,Other,Katy Perry,dance pop,2015,120,Other,-5,Other,6,Other
This Is How We Do,Katy Perry,dance pop,2014,96,64,-6,204,5,66,Other,Katy Perry,dance pop,2015,120,Other,-5,Other,6,Other
Birthday,Katy Perry,dance pop,2014,126,67,-5,215,7,65,Other,Katy Perry,dance pop,2015,120,Other,-5,Other,6,Other
Legendary Lovers,Katy Perry,dance pop,2015,126,84,-5,224,8,41,Other,Katy Perry,dance pop,2015,120,Other,-5,Other,6,Other
Rise,Katy Perry,dance pop,2016,101,64,-6,203,5,66,Other,Katy Perry,dance pop,2015,120,Other,-5,Other,6,Other
Swish Swish,Katy Perry,dance pop,2017,120,71,-5,243,4,73,Other,Katy Perry,dance pop,2015,120,Other,-5,Other,5,Other
Chained To The Rhythm,Katy Perry,dance pop,2017,190,80,-5,238,17,72,Other,Katy Perry,dance pop,2015,120,Other,-5,Other,5,Other
Bon appétit,Katy Perry,dance pop,2017,106,79,-6,228,6,68,Other,Katy Perry,dance pop,2015,120,Other,-5,Other,5,Other
Stronger (What Doesn't Kill You),Kelly Clarkson,dance pop,2012,116,94,-4,222,5,74,Other,Other,dance pop,2015,120,Other,-5,Other,5,Other
Underneath the Tree,Kelly Clarkson,dance pop,2013,160,81,-5,230,5,88,Other,Other,dance pop,2015,120,Other,-5,Other,5,Other
People Like Us,Kelly Clarkson,dance pop,2013,128,79,-5,259,4,45,Other,Other,dance pop,2015,120,Other,-5,Other,5,Other
Heartbeat Song,Kelly Clarkson,dance pop,2015,149,80,-4,199,5,69,Other,Other,dance pop,2015,120,Other,-5,Other,5,Other
Run Run Run,Kelly Clarkson,dance pop,2015,112,37,-7,273,4,36,Other,Other,dance pop,2015,120,Other,-5,Other,5,Other
Freak,Kelly Rowland,atl hip hop,2013,104,78,-5,274,6,28,Other,Other,dance pop,2015,120,Other,-5,Other,5,Other
TiK ToK,Kesha,dance pop,2010,120,84,-3,200,14,80,Other,Other,dance pop,2015,120,Other,-5,Other,5,Other
Your Love Is My Drug,Kesha,dance pop,2010,120,61,-4,187,10,69,Other,Other,dance pop,2015,120,Other,-5,Other,5,Other
Take It Off,Kesha,dance pop,2010,125,68,-5,215,3,66,Other,Other,dance pop,2015,120,Other,-5,Other,5,Other
Blah Blah Blah (feat. 3OH!3),Kesha,dance pop,2010,120,84,-3,172,12,62,Other,Other,dance pop,2015,120,Other,-5,Other,5,Other
We R Who We R,Kesha,dance pop,2011,120,82,-5,205,4,72,Other,Other,dance pop,2015,120,Other,-5,Other,5,Other
Blow,Kesha,dance pop,2011,120,73,-4,220,4,64,Other,Other,dance pop,2015,120,Other,-5,Other,5,Other
Die Young,Kesha,dance pop,2013,128,70,-5,212,5,75,Other,Other,dance pop,2015,120,Other,-5,Other,5,Other
Crazy Kids (feat. will.i.am),Kesha,dance pop,2013,128,75,-4,229,4,46,Other,Other,dance pop,2015,120,Other,-5,Other,5,Other
Praying,Kesha,dance pop,2017,73,39,-7,230,3,77,Other,Other,dance pop,2015,120,Other,-5,Other,5,Other
Talk (feat. Disclosure),Khalid,alternative r&b,2019,136,40,-9,198,13,84,Other,Other,dance pop,2015,120,Other,-5,Other,5,Other
It Ain't Me (with Selena Gomez),Kygo,edm,2017,100,53,-7,221,7,79,Other,Other,dance pop,2015,120,Other,-5,Other,5,Other
First Time,Kygo,edm,2017,90,59,-7,194,11,71,Other,Other,dance pop,2015,120,Other,-5,Other,5,Other
First Time,Kygo,edm,2018,90,59,-7,194,11,71,Other,Other,dance pop,2015,120,Other,-5,Other,5,Other
Higher Love,Kygo,edm,2019,104,68,-7,228,3,88,Other,Other,dance pop,2015,120,Other,-5,Other,5,Other
Beneath Your Beautiful,Labrinth,pop,2013,84,52,-6,272,4,70,Other,Other,dance pop,2015,120,Other,-5,Other,5,Other
Bad Romance,Lady Gaga,dance pop,2010,119,92,-4,295,4,79,Other,Other,dance pop,2015,Other,Other,-5,Other,5,Other
Telephone,Lady Gaga,dance pop,2010,122,83,-6,221,4,73,Other,Other,dance pop,2015,Other,Other,-5,Other,5,Other
Alejandro,Lady Gaga,dance pop,2010,99,80,-7,274,5,69,Other,Other,dance pop,2015,Other,Other,-5,Other,5,Other
Born This Way,Lady Gaga,dance pop,2011,124,83,-5,260,16,73,Other,Other,dance pop,2015,Other,Other,-5,Other,5,Other
The Edge Of Glory,Lady Gaga,dance pop,2011,128,77,-6,321,4,67,Other,Other,dance pop,2015,Other,Other,-5,Other,5,Other
You And I,Lady Gaga,dance pop,2011,127,70,-5,307,5,64,Other,Other,dance pop,2015,Other,Other,-5,Other,5,Other
Judas,Lady Gaga,dance pop,2011,131,93,-4,249,7,63,Other,Other,dance pop,2015,Other,Other,-6,Other,5,Other
Marry The Night,Lady Gaga,dance pop,2011,131,88,-4,265,6,61,Other,Other,dance pop,2015,Other,Other,-6,Other,5,Other
Applause,Lady Gaga,dance pop,2013,140,78,-4,212,5,52,Other,Other,dance pop,2015,Other,Other,-6,Other,5,Other
G.U.Y.,Lady Gaga,dance pop,2014,110,92,-3,233,4,65,Other,Other,dance pop,2015,Other,Other,-6,Other,5,Other
Million Reasons,Lady Gaga,dance pop,2016,130,42,-8,205,4,80,Other,Other,dance pop,2015,Other,Other,-6,Other,5,Other
Perfect Illusion,Lady Gaga,dance pop,2016,125,86,-5,182,4,67,Other,Other,dance pop,2015,Other,Other,-6,Other,5,Other
The Cure,Lady Gaga,dance pop,2017,100,51,-5,211,3,71,Other,Other,dance pop,2015,Other,Other,-6,Other,5,Other
Shallow - Radio Edit,Lady Gaga,dance pop,2018,96,33,-7,217,3,80,Other,Other,dance pop,2015,Other,Other,-6,Other,5,Other
Summertime Sadness (Lana Del Rey Vs. Cedric Gervais) - Cedric Gervais Remix,Lana Del Rey,art pop,2013,126,81,-6,215,6,74,Other,Other,dance pop,2015,Other,Other,-6,Other,5,Other
Love,Lana Del Rey,art pop,2017,99,37,-11,273,3,72,Other,Other,dance pop,2015,Other,Other,-6,Other,5,Other
Summer Bummer (feat. A$AP Rocky & Playboi Carti),Lana Del Rey,art pop,2017,135,57,-9,261,13,67,Other,Other,dance pop,2015,Other,Other,-6,Other,5,Other
Lust for Life (with The Weeknd),Lana Del Rey,art pop,2017,100,67,-9,264,6,54,Other,Other,dance pop,2015,Other,Other,-6,Other,5,Other
Cannonball,Lea Michele,hollywood,2014,92,82,-3,215,5,37,Other,Other,dance pop,2015,Other,Other,-6,Other,5,Other
Someone You Loved,Lewis Capaldi,pop,2019,110,41,-6,182,3,96,Other,Other,dance pop,2015,Other,Other,-6,Other,5,Other
Strip That Down (feat. Quavo),Liam Payne,dance pop,2017,106,50,-5,202,5,69,Other,Other,dance pop,2015,Other,Other,-6,Other,5,Other
Familiar,Liam Payne,dance pop,2018,93,81,-5,197,33,72,Other,Other,dance pop,2015,Other,Other,-6,Other,5,Other
For You (With Rita Ora),Liam Payne,dance pop,2018,113,80,-5,243,3,67,Other,Other,dance pop,2015,Other,Other,-6,Other,5,Other
Prayer in C - Robin Schulz Radio Edit,Lilly Wood and The Prick,french indie pop,2015,123,89,-5,189,3,58,Other,Other,dance pop,2015,Other,Other,-6,Other,5,Other
Sheezus,Lily Allen,dance pop,2014,130,50,-7,235,4,37,Other,Other,dance pop,2015,Other,Other,-6,Other,5,Other
Move,Little Mix,dance pop,2013,121,74,-5,224,9,63,Other,Other,dance pop,2015,Other,Other,-6,Other,5,Other
How Ya Doin'? (feat. Missy Elliott),Little Mix,dance pop,2013,201,95,-3,211,48,50,Other,Other,dance pop,2015,Other,Other,-6,Other,5,Other
Love Me Like You,Little Mix,dance pop,2015,106,67,-4,198,4,65,Other,Other,dance pop,2015,Other,Other,-6,Other,5,Other
Shout Out to My Ex,Little Mix,dance pop,2016,126,75,-4,246,9,77,Other,Other,dance pop,2015,Other,Other,-6,Other,5,Other
Touch (feat. Kid Ink),Little Mix,dance pop,2017,102,75,-4,203,11,59,Other,Other,dance pop,2015,Other,Other,-6,Other,5,Other
Truth Hurts,Lizzo,escape room,2019,158,62,-3,173,11,90,Other,Other,dance pop,2015,Other,Other,-6,Other,5,Other
Good as Hell (feat. Ariana Grande) - Remix,Lizzo,escape room,2019,96,89,-3,159,6,90,Other,Other,dance pop,2015,Other,Other,-6,Other,5,Other
Party Rock Anthem,LMFAO,dance pop,2011,130,74,-4,262,16,72,Other,Other,dance pop,2015,Other,Other,-6,Other,5,Other
Sexy And I Know It,LMFAO,dance pop,2011,130,86,-4,199,32,67,Other,Other,dance pop,2015,Other,Other,-6,Other,5,Other
Team,Lorde,art pop,2014,100,58,-7,193,9,73,Other,Other,dance pop,2015,Other,Other,-6,Other,5,Other
Reality - Radio Edit,Lost Frequencies,belgian edm,2015,122,70,-8,159,3,61,Other,Other,dance pop,2015,Other,Other,-6,Other,5,Other
Reality (feat. Janieck Devy) - Radio Edit,Lost Frequencies,belgian edm,2017,122,64,-7,158,4,59,Other,Other,dance pop,2015,Other,Other,-6,Other,5,Other
Despacito - Remix,Luis Fonsi,latin,2017,178,82,-4,229,17,76,Other,Other,dance pop,2015,Other,Other,-6,213,5,Other
7 Years,Lukas Graham,danish pop,2016,120,47,-6,237,5,80,Other,Other,dance pop,2015,Other,Other,-6,213,5,Other
Don't Call Me Up,Mabel,dance pop,2019,99,88,-3,178,15,86,Other,Other,dance pop,2016,Other,Other,-6,213,5,Other
Can't Hold Us (feat. Ray Dalton),Macklemore & Ryan Lewis,dance pop,2013,146,93,-4,258,8,70,Other,Other,dance pop,2016,Other,Other,-6,213,5,Other
Thrift Shop (feat. Wanz),Macklemore & Ryan Lewis,dance pop,2013,95,53,-7,236,29,69,Other,Other,dance pop,2016,Other,Other,-6,213,5,Other
"Downtown (feat. Melle Mel, Grandmaster Caz, Kool Moe Dee & Eric Nally)",Macklemore & Ryan Lewis,dance pop,2015,110,61,-4,293,7,70,Other,Other,dance pop,2016,Other,Other,-6,213,5,Other
Ghosttown,Madonna,dance pop,2015,79,55,-7,250,4,54,Other,Other,dance pop,2016,Other,Other,-6,213,5,Other
Living For Love,Madonna,dance pop,2015,123,79,-5,219,9,52,Other,Other,dance pop,2016,Other,Other,-6,213,5,Other
Rude,MAGIC!,pop,2014,144,76,-5,225,4,79,Other,Other,dance pop,2016,Other,Other,-6,213,5,Other
Cold Water (feat. Justin Bieber & MØ),Major Lazer,dance pop,2016,93,80,-5,185,4,73,Other,Other,dance pop,2016,Other,Other,-6,213,5,Other
Light It Up (feat. Nyla & Fuse ODG) [Remix],Major Lazer,dance pop,2016,108,88,-4,166,7,73,Other,Other,dance pop,2016,Other,Other,-6,213,5,Other
#Beautiful,Mariah Carey,dance pop,2013,107,76,-5,200,4,51,Other,Other,dance pop,2016,Other,Other,-6,213,5,Other
You're Mine (Eternal),Mariah Carey,dance pop,2014,149,58,-7,224,7,38,Other,Other,dance pop,2016,Other,Other,-6,213,5,Other
Uptown Funk,Mark Ronson,dance pop,2015,115,61,-7,270,8,82,Other,Other,dance pop,2016,Other,Other,-6,Other,5,Other
Find U Again (feat. Camila Cabello),Mark Ronson,dance pop,2019,104,66,-7,176,3,75,Other,Other,dance pop,2016,Other,Other,-6,Other,5,Other
Nothing Breaks Like a Heart (feat. Miley Cyrus),Mark Ronson,dance pop,2019,114,79,-6,217,7,69,Other,Other,dance pop,2016,Other,Other,-6,Other,5,Other
Misery,Maroon 5,pop,2010,103,81,-5,216,4,65,Other,Maroon 5,dance pop,2016,Other,Other,-6,Other,5,Other
Moves Like Jagger - Studio Recording From The Voice Performance,Maroon 5,pop,2011,128,76,-4,201,5,76,Other,Maroon 5,dance pop,2016,Other,Other,-6,Other,5,Other
Payphone,Maroon 5,pop,2012,110,75,-5,231,4,79,Other,Maroon 5,dance pop,2016,Other,Other,-6,Other,5,Other
One More Night,Maroon 5,pop,2012,93,82,-3,220,3,73,Other,Maroon 5,dance pop,2016,Other,Other,-6,Other,5,Other
Daylight,Maroon 5,pop,2013,120,67,-5,225,3,66,Other,Maroon 5,dance pop,2016,Other,Other,-6,Other,5,Other
Love Somebody,Maroon 5,pop,2013,120,78,-6,230,4,65,Other,Maroon 5,dance pop,2016,Other,Other,-6,Other,5,Other
Maps,Maroon 5,pop,2014,120,71,-6,190,3,78,Other,Maroon 5,dance pop,2016,Other,Other,-6,Other,5,Other
Sugar,Maroon 5,pop,2015,120,79,-7,235,3,81,Other,Maroon 5,dance pop,2016,Other,Other,-6,Other,5,Other
Animals,Maroon 5,pop,2015,190,74,-6,231,9,76,Other,Maroon 5,dance pop,2016,Other,Other,-6,Other,5,Other
Sugar,Maroon 5,pop,2015,120,79,-7,235,3,66,Other,Maroon 5,dance pop,2016,Other,Other,-6,Other,5,Other
Cold (feat. Future),Maroon 5,pop,2017,100,72,-6,234,11,72,Other,Maroon 5,dance pop,2016,Other,Other,-6,Other,5,Other
What Lovers Do (feat. SZA),Maroon 5,pop,2018,110,60,-5,200,6,79,Other,Maroon 5,dance pop,2016,Other,Other,-6,Other,5,Other
Wait,Maroon 5,pop,2018,126,60,-5,191,6,67,Other,Maroon 5,dance pop,2016,Other,Other,-6,Other,5,Other
Memories,Maroon 5,pop,2019,91,32,-7,189,5,99,Other,Maroon 5,dance pop,2016,Other,Other,-6,Other,5,Other
Girls Like You (feat. Cardi B),Maroon 5,pop,2019,125,54,-7,236,5,81,Other,Maroon 5,dance pop,2016,Other,Other,-6,Other,5,Other
Silence,Marshmello,brostep,2018,142,76,-3,181,9,82,Other,Other,dance pop,2016,Other,Other,-6,Other,5,Other
Happier,Marshmello,brostep,2019,100,79,-3,214,5,90,Other,Other,dance pop,2016,Other,Other,-6,Other,5,Other
In the Name of Love,Martin Garrix,big room,2016,134,52,-6,196,4,81,Other,Other,dance pop,2016,Other,Other,-6,Other,5,Other
There for You,Martin Garrix,big room,2017,106,64,-8,222,6,76,Other,Other,dance pop,2016,Other,Other,-6,Other,5,Other
Hello,Martin Solveig,big room,2010,128,98,-3,191,3,0,Other,Other,dance pop,2016,Other,Other,-6,Other,4,Other
Dear Future Husband,Meghan Trainor,dance pop,2015,79,78,-5,184,19,72,Other,Other,dance pop,2016,Other,Other,-6,Other,4,Other
Lips Are Movin,Meghan Trainor,dance pop,2015,139,83,-5,183,5,68,Other,Other,dance pop,2016,Other,Other,-6,Other,4,Other
All About That Bass,Meghan Trainor,dance pop,2015,134,88,-4,189,5,65,Other,Other,dance pop,2016,Other,Other,-6,Other,4,Other
Like I'm Gonna Lose You (feat. John Legend),Meghan Trainor,dance pop,2016,108,53,-7,225,4,79,Other,Other,dance pop,2016,Other,Other,-6,Other,4,Other
Me Too,Meghan Trainor,dance pop,2016,124,69,-6,181,10,73,Other,Other,dance pop,2016,Other,Other,-6,Other,4,Other
NO,Meghan Trainor,dance pop,2016,92,80,-4,214,22,70,Other,Other,dance pop,2016,Other,Other,-6,Other,4,Other
Love Never Felt So Good,Michael Jackson,pop,2014,118,72,-6,246,4,71,Other,Other,dance pop,2016,Other,Other,-6,Other,4,Other
Cooler Than Me - Single Mix,Mike Posner,dance pop,2010,130,82,-5,213,5,73,Other,Other,dance pop,2016,Other,Other,-6,Other,4,Other
Please Don't Go,Mike Posner,dance pop,2011,120,88,-4,197,3,63,Other,Other,dance pop,2016,Other,Other,-6,Other,4,Other
I Took A Pill In Ibiza - Seeb Remix,Mike Posner,dance pop,2016,102,71,-7,198,11,78,Other,Other,dance pop,2016,Other,Other,-6,Other,4,Other
We Can't Stop,Miley Cyrus,dance pop,2013,80,62,-6,231,3,78,Other,Other,dance pop,2016,Other,Other,-6,Other,4,Other
Wrecking Ball,Miley Cyrus,dance pop,2013,120,42,-6,221,3,77,Other,Other,dance pop,2016,Other,Other,-6,Other,4,Other
Adore You,Miley Cyrus,dance pop,2014,120,66,-5,279,3,72,Other,Other,dance pop,2016,Other,Other,-6,Other,4,Other
Malibu,Miley Cyrus,dance pop,2017,140,78,-6,232,6,78,Other,Other,dance pop,2016,Other,Other,-6,Other,4,Other
Younger Now,Miley Cyrus,dance pop,2017,122,87,-5,249,6,62,Other,Other,dance pop,2016,Other,Other,-6,Other,4,Other
WTF (Where They From),Missy Elliott,dance pop,2016,120,82,-3,193,20,58,Other,Other,dance pop,2016,Other,Other,-6,Other,4,Other
Pep Rally,Missy Elliott,dance pop,2016,90,75,-4,263,12,47,Other,Other,dance pop,2016,Other,Other,-6,Other,4,Other
Final Song,MØ,dance pop,2016,105,67,-6,236,3,72,Other,Other,dance pop,2016,Other,Other,-6,Other,4,Other
Waves - Robin Schulz Radio Edit,Mr. Probz,tropical house,2015,120,51,-9,208,4,77,Other,Other,dance pop,2016,Other,Other,-6,Other,4,Other
Lemon,N.E.R.D,hip hop,2018,95,73,-7,220,9,68,Other,Other,dance pop,2016,Other,Other,-6,Other,4,Other
Runnin' (Lose It All),Naughty Boy,tropical house,2015,139,85,-6,213,8,69,Other,Other,dance pop,2016,Other,Other,-6,Other,4,Other
Runnin' (Lose It All),Naughty Boy,tropical house,2016,139,85,-6,213,8,69,Other,Other,dance pop,2016,Other,Other,-6,Other,4,Other
Behind Your Back,Nelly Furtado,canadian latin,2016,98,47,-10,228,4,18,Other,Other,dance pop,2016,Other,Other,-6,Other,4,Other
Animal,Neon Trees,indie pop,2010,148,83,-6,212,4,65,Other,Other,dance pop,2016,Other,Other,-6,Other,4,Other
Everybody Talks,Neon Trees,indie pop,2013,155,92,-4,177,6,74,Other,Other,dance pop,2016,Other,Other,-6,Other,4,Other
Let Me Love You (Until You Learn To Love Yourself),Ne-Yo,dance pop,2013,125,68,-7,252,4,70,Other,Other,dance pop,2016,Other,Other,-6,Other,4,Other
Slow Hands,Niall Horan,dance pop,2017,86,42,-7,188,5,64,Other,Other,dance pop,2016,Other,Other,-6,Other,4,Other
This Town,Niall Horan,dance pop,2018,112,41,-8,233,3,64,Other,Other,dance pop,2016,Other,Other,-6,Other,4,Other
Jealous - Remix,Nick Jonas,dance pop,2015,93,71,-4,222,8,70,Other,Other,dance pop,2016,Other,Other,-6,Other,4,Other
Close,Nick Jonas,dance pop,2016,124,62,-5,234,8,72,Other,Other,dance pop,2016,Other,Other,-6,Other,4,Other
Champagne Problems,Nick Jonas,dance pop,2016,108,78,-5,193,13,50,Other,Other,dance pop,2016,Other,Other,-6,Other,4,Other
Remember I Told You,Nick Jonas,dance pop,2017,113,53,-6,202,28,53,Other,Other,dance pop,2016,Other,Other,-6,Other,4,Other
Super Bass,Nicki Minaj,dance pop,2011,127,74,-7,201,23,38,Other,Other,dance pop,2016,Other,Other,-6,Other,4,Other
Moment 4 Life - Album Version (Edited),Nicki Minaj,dance pop,2011,130,88,-4,279,38,28,Other,Other,dance pop,2016,Other,Other,-6,Other,4,Other
Muny - Album Version (Edited),Nicki Minaj,dance pop,2011,98,72,-5,227,33,7,Other,Other,dance pop,2016,Other,Other,-6,Other,4,Other
Starships,Nicki Minaj,dance pop,2012,125,72,-2,211,8,73,Other,Other,dance pop,2016,Other,Other,-6,Other,4,Other
Anaconda,Nicki Minaj,dance pop,2014,130,60,-6,260,18,50,Other,Other,dance pop,2016,Other,Other,-6,Other,4,Other
Chun-Li,Nicki Minaj,dance pop,2018,129,73,-5,192,37,73,Other,Other,dance pop,2016,Other,Other,-6,Other,4,Other
Up,Olly Murs,dance pop,2015,115,85,-5,224,3,69,Other,Other,dance pop,2016,Other,Other,-6,Other,4,Other
What Makes You Beautiful,One Direction,boy band,2012,125,79,-2,200,7,78,Other,Other,dance pop,2016,Other,Other,-6,Other,4,Other
Story of My Life,One Direction,boy band,2013,121,66,-6,245,5,81,Other,Other,dance pop,2016,Other,Other,-6,Other,4,Other
Best Song Ever,One Direction,boy band,2013,118,88,-3,200,5,73,Other,Other,dance pop,2016,Other,Other,-6,Other,4,Other
Kiss You,One Direction,boy band,2013,90,93,-3,183,6,73,Other,Other,dance pop,2016,Other,Other,-6,Other,4,Other
Night Changes,One Direction,boy band,2015,120,52,-8,227,4,77,Other,Other,dance pop,2016,Other,Other,-6,Other,4,Other
Perfect,One Direction,boy band,2015,100,82,-5,230,8,55,Other,Other,dance pop,2016,Other,Other,-6,Other,4,Other
Steal My Girl,One Direction,boy band,2015,77,76,-6,227,4,51,Other,Other,dance pop,2016,100,Other,-6,Other,4,Other
Secrets,OneRepublic,dance pop,2010,148,76,-6,225,4,77,Other,Other,dance pop,2017,100,Other,-6,Other,4,Other
All The Right Moves,OneRepublic,dance pop,2010,146,95,-4,238,5,65,Other,Other,dance pop,2017,100,Other,-6,Other,4,Other
Good Life,OneRepublic,dance pop,2011,95,69,-8,253,5,72,Other,Other,dance pop,2017,100,Other,-6,Other,4,Other
If I Lose Myself - Alesso vs OneRepublic,OneRepublic,dance pop,2013,126,75,-6,215,4,69,Other,Other,dance pop,2017,100,Other,-6,Other,4,Other
Love Runs Out,OneRepublic,dance pop,2014,120,93,-4,225,6,66,Other,Other,dance pop,2017,100,Other,-6,Other,4,Other
I Lived,OneRepublic,dance pop,2015,120,85,-5,235,4,67,Other,Other,dance pop,2017,100,Other,-6,202,4,Other
Wherever I Go,OneRepublic,dance pop,2016,100,69,-6,170,4,66,Other,Other,dance pop,2017,100,Other,-6,202,4,Other
Rich Love (with Seeb),OneRepublic,dance pop,2017,105,87,-4,201,31,70,Other,Other,dance pop,2017,100,Other,-6,202,4,Other
No Vacancy (with Sebastián Yatra),OneRepublic,dance pop,2017,100,76,-4,223,4,57,Other,Other,dance pop,2017,100,Other,-6,202,4,Other
Good Time,Owl City,pop,2012,126,87,-4,206,14,73,Other,Other,dance pop,2017,100,Other,-6,202,4,Other
Raise Your Glass,P!nk,dance pop,2011,122,64,-7,208,12,38,Other,Other,dance pop,2017,100,Other,-6,202,4,Other
Try,P!nk,dance pop,2012,104,63,-7,248,3,74,Other,Other,dance pop,2017,100,Other,-6,202,4,Other
Blow Me (One Last Kiss),P!nk,dance pop,2012,114,92,-3,256,4,0,Other,Other,dance pop,2017,100,Other,-6,202,4,Other
Just Give Me a Reason (feat. Nate Ruess),P!nk,dance pop,2013,95,55,-7,243,5,81,Other,Other,dance pop,2017,100,Other,-6,202,4,Other
"Just Like Fire (From the Original Motion Picture ""Alice Through The Looking Glass"")",P!nk,dance pop,2016,163,70,-6,215,15,71,Other,Other,dance pop,2017,100,Other,-7,202,4,Other
What About Us,P!nk,dance pop,2018,114,59,-6,272,6,66,Other,Other,dance pop,2017,100,Other,-7,202,4,Other
Only Love Can Hurt Like This,Paloma Faith,british soul,2015,91,89,-5,233,8,69,Other,Other,dance pop,2017,100,Other,-7,202,4,Other
Let Her Go,Passenger,folk-pop,2014,75,54,-7,253,6,77,Other,Other,dance pop,2017,100,Other,-7,Other,4,Other
Beautiful Birds (feat. Birdy),Passenger,folk-pop,2016,86,17,-13,214,3,36,Other,Other,dance pop,2017,100,Other,-7,Other,4,Other
"Happy - From ""Despicable Me 2""",Pharrell Williams,dance pop,2014,160,82,-5,233,18,79,Other,Other,dance pop,2017,100,Other,-7,Other,4,Other
Come Get It Bae,Pharrell Williams,dance pop,2014,120,80,-6,202,8,59,Other,Other,dance pop,2017,100,Other,-7,Other,4,Other
Give Me Everything,Pitbull,dance pop,2011,129,94,-3,252,16,79,Other,Other,dance pop,2017,100,Other,-7,Other,4,Other
International Love,Pitbull,dance pop,2012,120,86,-3,227,5,72,Other,Other,dance pop,2017,100,Other,-7,Other,4,Other
Don't Stop the Party (feat. TJR),Pitbull,dance pop,2012,127,96,-4,206,9,59,Other,Other,dance pop,2017,100,Other,-7,Other,4,Other
Feel This Moment (feat. Christina Aguilera),Pitbull,dance pop,2013,136,76,-4,230,16,70,Other,Other,dance pop,2017,100,Other,-7,Other,4,Other
Outta Nowhere (feat. Danny Mercer),Pitbull,dance pop,2013,95,84,-4,207,3,35,Other,Other,dance pop,2017,100,Other,-7,Other,4,Other
We Are One (Ole Ola) [The Official 2014 FIFA World Cup Song],Pitbull,dance pop,2014,125,94,-4,222,7,56,Other,Other,dance pop,2017,100,Other,-7,Other,4,Other
Fireball (feat. John Ryan),Pitbull,dance pop,2015,123,94,-5,235,6,67,Other,Other,dance pop,2017,100,Other,-7,Other,4,Other
"Celebrate (From the Original Motion Picture ""Penguins of Madagascar"")",Pitbull,dance pop,2015,127,85,-3,193,6,50,Other,Other,dance pop,2017,100,Other,-7,Other,4,Other
Time of Our Lives,Pitbull,dance pop,2015,124,80,-6,229,6,45,Other,Other,dance pop,2017,100,Other,-7,Other,4,Other
Greenlight (feat. Flo Rida & LunchMoney Lewis),Pitbull,dance pop,2017,115,83,-6,245,27,54,Other,Other,danish pop,2017,100,Other,-7,Other,4,Other
Messin' Around,Pitbull,dance pop,2017,158,81,-5,223,5,51,Other,Other,Other,2017,100,Other,-7,Other,4,Other
All Around The World (La La La),R3HAB,big room,2019,125,86,-5,148,3,82,Other,Other,Other,2017,Other,Other,-7,Other,4,Other
Boom Boom,RedOne,moroccan pop,2018,110,76,-8,248,5,53,Other,Other,Other,2017,Other,Other,-7,Other,4,Other
Mr. Put It Down,Ricky Martin,dance pop,2015,128,78,-6,196,18,42,Other,Other,Other,2017,Other,Other,-7,Other,4,Other
Only Girl (In The World),Rihanna,barbadian pop,2010,126,72,-4,235,4,73,Other,Rihanna,Other,2017,Other,Other,-7,Other,4,Other
Hard,Rihanna,barbadian pop,2010,182,75,-4,251,11,57,Other,Rihanna,Other,2017,Other,Other,-7,Other,4,Other
What's My Name?,Rihanna,barbadian pop,2011,100,79,-3,263,7,69,Other,Rihanna,Other,2017,Other,Other,-7,Other,4,Other
We Found Love,Rihanna,barbadian pop,2011,128,77,-4,215,4,61,Other,Rihanna,Other,2017,Other,Other,-7,Other,4,Other
Cheers (Drink To That),Rihanna,barbadian pop,2011,80,91,-4,262,4,58,Other,Rihanna,Other,2017,Other,Other,-7,Other,4,Other
S&M Remix,Rihanna,barbadian pop,2011,128,81,-3,257,5,54,Other,Rihanna,Other,2017,Other,Other,-7,Other,4,Other
Where Have You Been,Rihanna,barbadian pop,2012,128,85,-6,243,9,68,Other,Rihanna,Other,2017,Other,Other,-7,Other,4,Other
Diamonds,Rihanna,barbadian pop,2012,92,71,-5,225,5,61,Other,Rihanna,Other,2017,Other,Other,-7,Other,4,Other
You Da One,Rihanna,barbadian pop,2012,127,72,-5,200,4,57,Other,Rihanna,Other,2017,Other,Other,-7,Other,4,Other
Right Now - Dyro Radio Edit,Rihanna,barbadian pop,2013,130,74,-6,186,4,42,Other,Rihanna,Other,2017,Other,Other,-7,Other,4,Other
FourFiveSeconds,Rihanna,barbadian pop,2015,206,27,-6,188,5,80,Other,Rihanna,Other,2017,Other,Other,-7,Other,4,Other
American Oxygen,Rihanna,barbadian pop,2015,78,75,-6,320,9,61,Other,Rihanna,Other,2017,Other,Other,-7,Other,4,Other
Needed Me,Rihanna,barbadian pop,2016,111,31,-8,192,24,80,Other,Rihanna,Other,2017,Other,Other,-7,Other,4,Other
Work,Rihanna,barbadian pop,2016,92,53,-6,219,9,78,Other,Rihanna,Other,2017,Other,Other,-7,Other,4,Other
Love On The Brain,Rihanna,barbadian pop,2018,172,64,-5,224,5,82,Other,Rihanna,Other,2017,Other,Other,-7,Other,4,Other
Anywhere,Rita Ora,dance pop,2018,107,80,-4,215,6,74,Other,Other,Other,2017,Other,Other,-7,Other,4,Other
"Girls (feat. Cardi B, Bebe Rexha & Charli XCX)",Rita Ora,dance pop,2018,94,69,-4,221,5,64,Other,Other,Other,2017,Other,Other,-7,Other,4,Other
Sugar (feat. Francesco Yates),Robin Schulz,dance pop,2015,123,82,-5,219,6,60,Other,Other,Other,2017,Other,Other,-7,Other,4,Other
OK - Spotify Version,Robin Schulz,dance pop,2017,122,81,-6,189,6,69,Other,Other,Other,2017,Other,Other,-7,Other,4,Other
Blurred Lines,Robin Thicke,dance pop,2013,120,60,-5,264,4,76,Other,Other,Other,2017,Other,Other,-7,Other,4,Other
Give It 2 U,Robin Thicke,dance pop,2013,127,83,-4,230,7,41,Other,Other,Other,2017,Other,Other,-7,Other,4,Other
Lay It All on Me,Rudimental,dance pop,2015,123,75,-7,242,4,62,Other,Other,Other,2017,Other,Other,-7,Other,4,Other
These Days,Rudimental,dance pop,2018,92,81,-4,211,5,80,Other,Other,Other,2017,Other,Other,-7,Other,4,Other
Stay With Me,Sam Smith,pop,2014,84,42,-6,173,4,85,Other,Other,Other,2017,Other,Other,-7,Other,4,Other
I'm Not The Only One,Sam Smith,pop,2015,82,49,-6,239,4,84,Other,Other,Other,2017,Other,Other,-7,Other,4,Other
How Do You Sleep?,Sam Smith,pop,2019,111,68,-5,202,9,93,Other,Other,Other,2017,Other,Other,-7,Other,4,Other
Brave,Sara Bareilles,acoustic pop,2013,185,84,-4,221,5,71,Other,Other,Other,2017,Other,Other,-7,Other,4,Other
Eenie Meenie,Sean Kingston,dance pop,2010,121,61,-4,202,3,71,Other,Other,Other,2017,Other,Other,-7,Other,4,Other
Come & Get It,Selena Gomez,dance pop,2013,80,79,-4,232,5,57,Other,Other,Other,2017,Other,Other,-7,Other,4,Other
The Heart Wants What It Wants,Selena Gomez,dance pop,2015,83,79,-5,227,4,72,Other,Other,Other,2017,Other,Other,-7,Other,4,Other
Same Old Love,Selena Gomez,dance pop,2015,98,59,-4,229,3,69,Other,Other,Other,Other,Other,Other,-7,193,4,Other
Hands To Myself,Selena Gomez,dance pop,2016,111,50,-7,201,12,71,Other,Other,Other,Other,Other,Other,-7,193,4,Other
Kill Em With Kindness,Selena Gomez,dance pop,2016,120,88,-5,218,4,70,Other,Other,Other,Other,Other,Other,-7,193,4,Other
Wolves,Selena Gomez,dance pop,2018,125,80,-5,198,4,83,Other,Other,Other,Other,Other,Other,-7,193,4,Other
Bad Liar,Selena Gomez,dance pop,2018,121,41,-6,215,7,75,Other,Other,Other,Other,Other,Other,-7,193,4,Other
Lose You To Love Me,Selena Gomez,dance pop,2019,102,34,-9,206,4,97,Other,Other,Other,Other,Other,Other,-7,193,3,Other
Naturally,Selena Gomez & The Scene,dance pop,2010,133,90,-5,203,5,64,Other,Other,Other,Other,Other,Other,-7,193,3,Other
Love You Like A Love Song,Selena Gomez & The Scene,dance pop,2012,117,68,-4,188,5,76,Other,Other,Other,Other,Other,Other,-7,193,3,Other
Trampoline (with ZAYN),SHAED,electropop,2019,127,46,-6,184,3,92,Other,Other,Other,Other,Other,Other,-7,193,3,Other
Loca,Shakira,colombian pop,2010,112,87,-4,193,7,56,Other,Other,Other,Other,Other,Other,-7,193,3,Other
Can't Remember to Forget You (feat. Rihanna),Shakira,colombian pop,2014,138,81,-4,207,7,62,Other,Other,Other,Other,Other,Other,-7,193,3,Other
La La La (Brasil 2014) (feat. Carlinhos Brown),Shakira,colombian pop,2014,128,82,-5,198,4,50,Other,Other,Other,Other,Other,Other,-7,193,3,Other
Stitches,Shawn Mendes,canadian pop,2015,150,75,-7,207,7,78,Other,Other,Other,Other,Other,Other,-7,193,3,Other
Stitches,Shawn Mendes,canadian pop,2016,150,75,-7,207,7,78,Other,Other,Other,Other,Other,Other,-7,Other,3,Other
Don't Be A Fool,Shawn Mendes,canadian pop,2016,175,34,-6,216,4,65,Other,Other,Other,Other,Other,Other,-7,Other,3,Other
I Know What You Did Last Summer,Shawn Mendes,canadian pop,2016,114,77,-5,224,10,57,Other,Other,Other,Other,Other,Other,-7,Other,3,Other
Treat You Better,Shawn Mendes,canadian pop,2017,83,82,-4,188,34,84,Other,Other,Other,Other,Other,Other,-7,Other,3,Other
Mercy,Shawn Mendes,canadian pop,2017,148,66,-5,209,8,81,Other,Other,Other,Other,Other,Other,-7,Other,3,Other
There's Nothing Holdin' Me Back,Shawn Mendes,canadian pop,2018,122,81,-4,199,6,84,Other,Other,Other,Other,Other,Other,-7,Other,3,Other
In My Blood,Shawn Mendes,canadian pop,2018,140,71,-7,211,7,83,Other,Other,Other,Other,Other,Other,-7,Other,3,Other
Youth (feat. Khalid),Shawn Mendes,canadian pop,2018,100,60,-7,191,12,75,Other,Other,Other,Other,Other,Other,-7,Other,3,Other
Nervous,Shawn Mendes,canadian pop,2018,122,62,-7,164,8,71,Other,Other,Other,Other,Other,Other,-7,Other,3,Other
Señorita,Shawn Mendes,canadian pop,2019,117,54,-6,191,3,95,Other,Other,Other,Other,Other,Other,-7,Other,3,Other
Chandelier,Sia,australian dance,2014,174,78,-3,216,7,56,Other,Other,Other,Other,Other,Other,-7,Other,3,Other
Elastic Heart,Sia,australian dance,2015,130,79,-5,257,5,73,Other,Other,Other,Other,Other,Other,-7,Other,3,Other
Alive,Sia,australian dance,2015,100,76,-4,264,5,61,Other,Other,Other,Other,Other,Other,-7,Other,3,Other
Cheap Thrills,Sia,australian dance,2016,90,80,-5,225,22,64,Other,Other,Other,Other,Other,Other,-7,Other,3,Other
The Greatest,Sia,australian dance,2017,192,73,-6,210,27,76,Other,Other,Other,Other,Other,Other,-7,Other,3,Other
Free Me,Sia,australian dance,2017,87,46,-4,286,3,44,Other,Other,Other,Other,Other,Other,-7,Other,3,Other
Easy Love,Sigala,dance pop,2015,124,94,-4,230,6,67,Other,Other,Other,Other,Other,Other,-7,Other,3,Other
Came Here for Love,Sigala,dance pop,2017,125,87,-3,203,4,70,Other,Other,Other,Other,Other,Other,-7,Other,3,Other
Electricity (with Dua Lipa),Silk City,edm,2018,118,67,-6,238,5,82,Other,Other,Other,Other,Other,Other,-7,Other,3,Other
Turning Page,Sleeping At Last,acoustic pop,2011,125,38,-8,255,3,46,Other,Other,pop,Other,Other,Other,-7,Other,3,Other
Cruel (feat. ZAYN),Snakehips,dance pop,2016,110,88,-4,228,12,63,Other,Other,pop,Other,Other,Other,-7,Other,3,Other
Don't You Worry Child - Radio Edit,Swedish House Mafia,big room,2013,129,84,-3,213,5,78,Other,Other,pop,Other,Other,Other,-7,Other,3,Other
Castle Walls (feat. Christina Aguilera),T.I.,atl hip hop,2010,80,86,-5,329,39,49,Other,Other,pop,Other,Other,Other,Other,Other,3,Other
Castle Walls (feat. Christina Aguilera),T.I.,atl hip hop,2011,80,86,-5,329,39,49,Other,Other,pop,Other,Other,Other,Other,Other,3,Other
Dynamite,Taio Cruz,dance pop,2010,120,78,-4,203,9,77,Other,Other,pop,Other,Other,Other,Other,Other,3,Other
Break Your Heart,Taio Cruz,dance pop,2010,122,90,-5,186,3,33,Other,Other,pop,Other,Other,Other,Other,Other,3,Other
I Knew You Were Trouble.,Taylor Swift,pop,2012,77,47,-7,220,4,77,Other,Other,pop,Other,Other,Other,Other,Other,3,Other
We Are Never Ever Getting Back Together,Taylor Swift,pop,2012,86,68,-6,193,9,75,Other,Other,pop,Other,Other,Other,Other,Other,3,Other
We Are Never Ever Getting Back Together,Taylor Swift,pop,2013,86,68,-6,193,9,75,Other,Other,pop,Other,Other,Other,Other,Other,3,Other
Shake It Off,Taylor Swift,pop,2014,160,80,-5,219,17,78,Other,Other,pop,Other,Other,Other,Other,Other,3,Other
Out Of The Woods,Taylor Swift,pop,2016,92,84,-7,236,4,66,Other,Other,pop,Other,Other,Other,Other,Other,3,Other
Look What You Made Me Do,Taylor Swift,pop,2018,128,71,-6,212,12,75,Other,Other,pop,Other,Other,Other,Other,Other,3,Other
End Game,Taylor Swift,pop,2018,159,59,-6,245,6,70,Other,Other,pop,Other,Other,Other,Other,Other,3,Other
...Ready For It? - BloodPop® Remix,Taylor Swift,pop,2018,160,84,-5,190,22,52,Other,Other,pop,Other,Other,Other,Other,Other,3,Other
The Time (Dirty Bit),The Black Eyed Peas,dance pop,2010,128,81,-8,308,7,70,Other,Other,pop,Other,Other,Other,Other,Other,3,Other
Meet Me Halfway,The Black Eyed Peas,dance pop,2010,130,63,-7,284,7,68,Other,Other,pop,Other,Other,Other,Other,Other,3,Other
Imma Be,The Black Eyed Peas,dance pop,2010,92,52,-7,258,37,62,Other,Other,pop,Other,Other,Other,Other,Other,3,Other
Rock That Body,The Black Eyed Peas,dance pop,2010,125,91,-6,269,10,59,Other,Other,pop,Other,Other,Other,Other,Other,3,Other
Just Can’t Get Enough,The Black Eyed Peas,dance pop,2011,94,63,-9,219,18,71,Other,Other,pop,Other,Other,Other,Other,Other,3,Other
#SELFIE,The Chainsmokers,electropop,2014,128,92,-3,184,25,65,Other,Other,pop,Other,Other,Other,Other,Other,3,Other
Don't Let Me Down,The Chainsmokers,electropop,2016,160,87,-5,208,17,81,Other,Other,pop,Other,Other,Other,Other,Other,3,Other
Roses,The Chainsmokers,electropop,2016,100,80,-7,227,6,74,Other,Other,pop,Other,Other,Other,Other,Other,3,Other
All We Know,The Chainsmokers,electropop,2016,90,59,-9,194,3,72,Other,Other,pop,Other,Other,Other,Other,Other,3,Other
Closer,The Chainsmokers,electropop,2017,95,52,-6,245,3,86,Other,Other,pop,Other,Other,Other,Other,Other,3,Other
Something Just Like This,The Chainsmokers,electropop,2017,103,65,-7,248,4,78,Other,Other,pop,Other,Other,Other,Other,Other,3,Other
Paris,The Chainsmokers,electropop,2017,100,64,-7,222,3,76,Other,Other,pop,Other,Other,Other,Other,Other,3,Other
Sick Boy,The Chainsmokers,electropop,2018,90,58,-8,193,5,76,Other,Other,pop,Other,Other,Other,Other,Other,3,Other
Takeaway,The Chainsmokers,electropop,2019,100,51,-8,210,3,83,Other,Other,pop,Other,Other,Other,Other,Other,3,Other
Call You Mine,The Chainsmokers,electropop,2019,104,70,-6,218,3,81,Other,Other,pop,Other,Other,Other,Other,Other,3,Other
Kills You Slowly,The Chainsmokers,electropop,2019,150,44,-9,213,6,67,Other,Other,pop,Other,Other,Other,Other,Other,3,Other
Hall of Fame,The Script,celtic rock,2013,85,87,-4,203,6,80,Other,Other,pop,Other,Other,Other,Other,Other,3,Other
Glad You Came,The Wanted,boy band,2012,127,85,-4,198,6,72,Other,Other,pop,Other,Other,Other,Other,Other,3,Other
Walks Like Rihanna,The Wanted,boy band,2013,126,82,-3,202,6,62,Other,Other,pop,Other,Other,Other,Other,Other,3,Other
We Own The Night,The Wanted,boy band,2013,104,94,-4,206,13,56,Other,Other,pop,Other,Other,Other,Other,Other,3,Other
The Hills,The Weeknd,canadian contemporary r&b,2015,113,56,-7,242,5,84,Other,Other,pop,Other,Other,Other,Other,Other,3,Other
"Earned It (Fifty Shades Of Grey) - From The ""Fifty Shades Of Grey"" Soundtrack",The Weeknd,canadian contemporary r&b,2015,120,38,-6,252,3,79,Other,Other,pop,Other,Other,Other,Other,Other,3,Other
The Hills,The Weeknd,canadian contemporary r&b,2016,113,56,-7,242,5,84,Other,Other,pop,Other,Other,Other,Other,Other,3,Other
Starboy,The Weeknd,canadian contemporary r&b,2017,186,59,-7,230,28,85,Other,Other,pop,Other,Other,Other,Other,Other,3,Other
I Feel It Coming,The Weeknd,canadian contemporary r&b,2017,93,82,-6,269,12,81,Other,Other,pop,Other,Other,Other,Other,Other,3,Other
Written in the Stars (feat. Eric Turner),Tinie Tempah,dance pop,2010,91,95,-4,220,7,52,Other,Other,pop,Other,Other,Other,Other,Other,3,Other
Written in the Stars (feat. Eric Turner),Tinie Tempah,dance pop,2011,91,95,-4,220,7,52,Other,Other,pop,Other,Other,Other,Other,Other,3,Other
Cool Girl,Tove Lo,dance pop,2016,102,69,-7,199,11,69,Other,Other,pop,Other,Other,Other,Other,Other,3,Other
Influence,Tove Lo,dance pop,2017,105,59,-10,225,5,54,Other,Other,pop,Other,Other,Other,Other,Other,3,Other
"Hey, Soul Sister",Train,neo mellow,2010,97,89,-4,217,4,83,Other,Other,pop,Other,Other,Other,Other,Other,3,Other
My My My!,Troye Sivan,dance pop,2018,103,46,-8,205,8,76,Other,Other,pop,Other,Other,Other,Other,Other,3,Other
OMG (feat. will.i.am),Usher,atl hip hop,2010,130,75,-6,269,3,72,Other,Other,pop,Other,Other,Other,Other,Other,3,Other
DJ Got Us Fallin' In Love (feat. Pitbull),Usher,atl hip hop,2010,120,86,-3,221,11,52,Other,Other,pop,Other,Other,Other,Other,Other,3,Other
#thatPOWER,will.i.am,dance pop,2013,128,61,-6,280,6,68,Other,Other,pop,Other,Other,Other,Other,Other,3,Other
See You Again (feat. Charlie Puth),Wiz Khalifa,hip hop,2015,80,48,-8,230,8,56,Other,Other,pop,Other,Other,Other,Other,Other,3,Other
Desire,Years & Years,dance pop,2016,126,78,-5,203,6,58,Other,Other,pop,Other,Other,Other,Other,Other,3,Other
Never Forget You,Zara Larsson,dance pop,2015,146,73,-6,213,5,77,Other,Other,pop,Other,Other,Other,Other,Other,3,Other
PILLOWTALK,ZAYN,dance pop,2016,125,70,-4,204,5,66,Other,Other,pop,Other,Other,Other,Other,Other,3,Other
LIKE I WOULD,ZAYN,dance pop,2016,113,83,-6,192,11,65,Other,Other,pop,Other,Other,Other,Other,Other,3,Other
I Don’t Wanna Live Forever (Fifty Shades Darker),ZAYN,dance pop,2017,118,45,-8,245,6,78,Other,Other,pop,Other,Other,Other,Other,Other,3,Other
Dusk Till Dawn - Radio Edit,ZAYN,dance pop,2018,180,44,-7,239,4,83,Other,Other,pop,Other,Other,Other,Other,Other,3,Other
Let Me,ZAYN,dance pop,2018,168,57,-6,185,5,72,Other,Other,pop,Other,Other,Other,Other,Other,3,Other
Clarity,Zedd,complextro,2013,128,78,-3,271,7,75,Other,Other,pop,Other,Other,Other,Other,Other,3,Other
Stay The Night - Featuring Hayley Williams Of Paramore,Zedd,complextro,2014,128,74,-3,217,4,64,Other,Other,pop,Other,Other,Other,Other,Other,3,Other
I Want You To Know,Zedd,complextro,2015,130,85,-3,240,6,68,Other,Other,pop,Other,Other,Other,Other,Other,3,Other
True Colors,Zedd,complextro,2016,126,79,-3,225,4,51,Other,Other,Other,Other,Other,Other,Other,Other,3,Other
Stay,Zedd,complextro,2017,102,62,-5,210,6,80,Other,Other,Other,Other,Other,Other,Other,Other,3,Other
Get Low (with Liam Payne),Zedd,complextro,2017,108,93,-4,205,5,66,Other,Other,Other,Other,Other,Other,Other,Other,Other,Other
